path,url,category,meta_title,meta_keywords,meta_description,description
99Cosplay/角色扮演,cosplay-costumes,角色扮演,【角色扮演】台灣第一專業角色扮演服裝銷售 Cosplay Costume Shop | 99 Cosplay,"Kigurumi, Kigurumi shop, Cosplay Costumes,Cosplay Shop,cosplay store,Cosplay Shops,cosplay stores【角色扮演】","Looking for the best【Cosplay Costumes】with low prices? Check out our huge selection on cosplay【costumes】from popular anime, manga and video games and start saving big today!","Looking for the best【Cosplay Costumes】with low prices? Check out our huge selection on cosplay【costumes】from popular anime, manga and video games and start saving big today!"
99Cosplay/Lolita,lolita,Lolita,【Lolita】台灣第一專業角色扮演服裝銷售 Cosplay Costume Shop | 99 Cosplay,"Kigurumi, Kigurumi shop, Cosplay Costumes,Cosplay Shop,cosplay store,Cosplay Shops,cosplay stores【Lolita】","Looking for the best【Cosplay Costumes】with low prices? Check out our huge selection on cosplay【costumes】from popular anime, manga and video games and start saving big today!","Looking for the best【Cosplay Costumes】with low prices? Check out our huge selection on cosplay【costumes】from popular anime, manga and video games and start saving big today!"
99Cosplay/假髮,cosplay-wigs,假髮,【假髮】台灣第一專業角色扮演服裝銷售 Cosplay Costume Shop | 99 Cosplay,"Kigurumi, Kigurumi shop, Cosplay Costumes,Cosplay Shop,cosplay store,Cosplay Shops,cosplay stores【假髮】","Looking for the best【Cosplay Costumes】with low prices? Check out our huge selection on cosplay【costumes】from popular anime, manga and video games and start saving big today!","Looking for the best【Cosplay Costumes】with low prices? Check out our huge selection on cosplay【costumes】from popular anime, manga and video games and start saving big today!"
99Cosplay/其他配件,cosplay-accessories,其他配件,【其他配件】台灣第一專業角色扮演服裝銷售 Cosplay Costume Shop | 99 Cosplay,"Kigurumi, Kigurumi shop, Cosplay Costumes,Cosplay Shop,cosplay store,Cosplay Shops,cosplay stores【其他配件】","Looking for the best【Cosplay Costumes】with low prices? Check out our huge selection on cosplay【costumes】from popular anime, manga and video games and start saving big today!","Looking for the best【Cosplay Costumes】with low prices? Check out our huge selection on cosplay【costumes】from popular anime, manga and video games and start saving big today!"
99Cosplay/性感睡衣,sexy-costumes,性感睡衣,【性感睡衣】台灣第一專業角色扮演服裝銷售 Cosplay Costume Shop | 99 Cosplay,"Kigurumi, Kigurumi shop, Cosplay Costumes,Cosplay Shop,cosplay store,Cosplay Shops,cosplay stores【性感睡衣】","Looking for the best【Cosplay Costumes】with low prices? Check out our huge selection on cosplay【costumes】from popular anime, manga and video games and start saving big today!","Looking for the best【Cosplay Costumes】with low prices? Check out our huge selection on cosplay【costumes】from popular anime, manga and video games and start saving big today!"
99Cosplay/角色扮演/動畫角色,anime-costumes,動畫角色,【動畫角色】台灣第一專業角色扮演服裝銷售 Cosplay Costume Shop | 99 Cosplay,"Kigurumi, Kigurumi shop, Cosplay Costumes,Cosplay Shop,cosplay store,Cosplay Shops,cosplay stores【動畫角色】","Looking for the best【Cosplay Costumes】with low prices? Check out our huge selection on cosplay【costumes】from popular anime, manga and video games and start saving big today!","Looking for the best【Cosplay Costumes】with low prices? Check out our huge selection on cosplay【costumes】from popular anime, manga and video games and start saving big today!"
99Cosplay/連身睡衣,kigurumi,連身睡衣,【連身睡衣】台灣第一專業角色扮演服裝銷售 Cosplay Costume Shop | 99 Cosplay,"Kigurumi, Kigurumi shop, Cosplay Costumes,Cosplay Shop,cosplay store,Cosplay Shops,cosplay stores【連身睡衣】","Looking for the best【Cosplay Costumes】with low prices? Check out our huge selection on cosplay【costumes】from popular anime, manga and video games and start saving big today!","Looking for the best【Cosplay Costumes】with low prices? Check out our huge selection on cosplay【costumes】from popular anime, manga and video games and start saving big today!"
99Cosplay/連身睡衣/迪士尼系列,kigurumi-disney,迪士尼系列,【迪士尼系列】台灣第一專業角色扮演服裝銷售 Cosplay Costume Shop | 99 Cosplay,"Kigurumi, Kigurumi shop, Cosplay Costumes,Cosplay Shop,cosplay store,Cosplay Shops,cosplay stores【迪士尼系列】","Looking for the best【Cosplay Costumes】with low prices? Check out our huge selection on cosplay【costumes】from popular anime, manga and video games and start saving big today!","Looking for the best【Cosplay Costumes】with low prices? Check out our huge selection on cosplay【costumes】from popular anime, manga and video games and start saving big today!"
99Cosplay/連身睡衣/兇猛動物區,kigurumi-animals,兇猛動物區,【兇猛動物區】台灣第一專業角色扮演服裝銷售 Cosplay Costume Shop | 99 Cosplay,"Kigurumi, Kigurumi shop, Cosplay Costumes,Cosplay Shop,cosplay store,Cosplay Shops,cosplay stores【兇猛動物區】","Looking for the best【Cosplay Costumes】with low prices? Check out our huge selection on cosplay【costumes】from popular anime, manga and video games and start saving big today!","Looking for the best【Cosplay Costumes】with low prices? Check out our huge selection on cosplay【costumes】from popular anime, manga and video games and start saving big today!"
99Cosplay/連身睡衣/動漫人物,kigurumi-janpan-anime,動漫人物,【動漫人物】台灣第一專業角色扮演服裝銷售 Cosplay Costume Shop | 99 Cosplay,"Kigurumi, Kigurumi shop, Cosplay Costumes,Cosplay Shop,cosplay store,Cosplay Shops,cosplay stores【動漫人物】","Looking for the best【Cosplay Costumes】with low prices? Check out our huge selection on cosplay【costumes】from popular anime, manga and video games and start saving big today!","Looking for the best【Cosplay Costumes】with low prices? Check out our huge selection on cosplay【costumes】from popular anime, manga and video games and start saving big today!"
99Cosplay/連身睡衣/鳥類專區,kigurumi-birds,鳥類專區,【鳥類專區】台灣第一專業角色扮演服裝銷售 Cosplay Costume Shop | 99 Cosplay,"Kigurumi, Kigurumi shop, Cosplay Costumes,Cosplay Shop,cosplay store,Cosplay Shops,cosplay stores【鳥類專區】","Looking for the best【Cosplay Costumes】with low prices? Check out our huge selection on cosplay【costumes】from popular anime, manga and video games and start saving big today!","Looking for the best【Cosplay Costumes】with low prices? Check out our huge selection on cosplay【costumes】from popular anime, manga and video games and start saving big today!"
99Cosplay/連身睡衣/可愛動物區,kigurumi-small-animals,可愛動物區,【可愛動物區】台灣第一專業角色扮演服裝銷售 Cosplay Costume Shop | 99 Cosplay,"Kigurumi, Kigurumi shop, Cosplay Costumes,Cosplay Shop,cosplay store,Cosplay Shops,cosplay stores【可愛動物區】","Looking for the best【Cosplay Costumes】with low prices? Check out our huge selection on cosplay【costumes】from popular anime, manga and video games and start saving big today!","Looking for the best【Cosplay Costumes】with low prices? Check out our huge selection on cosplay【costumes】from popular anime, manga and video games and start saving big today!"
99Cosplay/連身睡衣/童話故事系列,kigurumi-fairy-tale,童話故事系列,【童話故事系列】台灣第一專業角色扮演服裝銷售 Cosplay Costume Shop | 99 Cosplay,"Kigurumi, Kigurumi shop, Cosplay Costumes,Cosplay Shop,cosplay store,Cosplay Shops,cosplay stores【童話故事系列】","Looking for the best【Cosplay Costumes】with low prices? Check out our huge selection on cosplay【costumes】from popular anime, manga and video games and start saving big today!","Looking for the best【Cosplay Costumes】with low prices? Check out our huge selection on cosplay【costumes】from popular anime, manga and video games and start saving big today!"
99Cosplay/連身睡衣/草食動物區,kigurumi-herb-animals,草食動物區,【草食動物區】台灣第一專業角色扮演服裝銷售 Cosplay Costume Shop | 99 Cosplay,"Kigurumi, Kigurumi shop, Cosplay Costumes,Cosplay Shop,cosplay store,Cosplay Shops,cosplay stores【草食動物區】","Looking for the best【Cosplay Costumes】with low prices? Check out our huge selection on cosplay【costumes】from popular anime, manga and video games and start saving big today!","Looking for the best【Cosplay Costumes】with low prices? Check out our huge selection on cosplay【costumes】from popular anime, manga and video games and start saving big today!"
99Cosplay/夏季連身睡衣,summer-kigurumi,夏季連身睡衣,【夏季連身睡衣】台灣第一專業角色扮演服裝銷售 Cosplay Costume Shop | 99 Cosplay,"Kigurumi, Kigurumi shop, Cosplay Costumes,Cosplay Shop,cosplay store,Cosplay Shops,cosplay stores【夏季連身睡衣】","Looking for the best【Cosplay Costumes】with low prices? Check out our huge selection on cosplay【costumes】from popular anime, manga and video games and start saving big today!","Looking for the best【Cosplay Costumes】with low prices? Check out our huge selection on cosplay【costumes】from popular anime, manga and video games and start saving big today!"
99Cosplay/性感睡衣/女僕裝,sexy-maid,女僕裝,【女僕裝】台灣第一專業角色扮演服裝銷售 Cosplay Costume Shop | 99 Cosplay,"Kigurumi, Kigurumi shop, Cosplay Costumes,Cosplay Shop,cosplay store,Cosplay Shops,cosplay stores【女僕裝】","Looking for the best【Cosplay Costumes】with low prices? Check out our huge selection on cosplay【costumes】from popular anime, manga and video games and start saving big today!","Looking for the best【Cosplay Costumes】with low prices? Check out our huge selection on cosplay【costumes】from popular anime, manga and video games and start saving big today!"
99Cosplay/性感睡衣/校園制服,sexy-school,校園制服,【校園制服】台灣第一專業角色扮演服裝銷售 Cosplay Costume Shop | 99 Cosplay,"Kigurumi, Kigurumi shop, Cosplay Costumes,Cosplay Shop,cosplay store,Cosplay Shops,cosplay stores【校園制服】","Looking for the best【Cosplay Costumes】with low prices? Check out our huge selection on cosplay【costumes】from popular anime, manga and video games and start saving big today!","Looking for the best【Cosplay Costumes】with low prices? Check out our huge selection on cosplay【costumes】from popular anime, manga and video games and start saving big today!"
99Cosplay/性感睡衣/日式和服,sexy-kimono,日式和服,【日式和服】台灣第一專業角色扮演服裝銷售 Cosplay Costume Shop | 99 Cosplay,"Kigurumi, Kigurumi shop, Cosplay Costumes,Cosplay Shop,cosplay store,Cosplay Shops,cosplay stores【日式和服】","Looking for the best【Cosplay Costumes】with low prices? Check out our huge selection on cosplay【costumes】from popular anime, manga and video games and start saving big today!","Looking for the best【Cosplay Costumes】with low prices? Check out our huge selection on cosplay【costumes】from popular anime, manga and video games and start saving big today!"
99Cosplay/性感睡衣/空姐 警察制服,sexy-police,空姐 警察制服,【空姐 警察制服】台灣第一專業角色扮演服裝銷售 Cosplay Costume Shop | 99 Cosplay,"Kigurumi, Kigurumi shop, Cosplay Costumes,Cosplay Shop,cosplay store,Cosplay Shops,cosplay stores【空姐 警察制服】","Looking for the best【Cosplay Costumes】with low prices? Check out our huge selection on cosplay【costumes】from popular anime, manga and video games and start saving big today!","Looking for the best【Cosplay Costumes】with low prices? Check out our huge selection on cosplay【costumes】from popular anime, manga and video games and start saving big today!"
99Cosplay/性感睡衣/改良旗袍,sexy-chinese,改良旗袍,【改良旗袍】台灣第一專業角色扮演服裝銷售 Cosplay Costume Shop | 99 Cosplay,"Kigurumi, Kigurumi shop, Cosplay Costumes,Cosplay Shop,cosplay store,Cosplay Shops,cosplay stores【改良旗袍】","Looking for the best【Cosplay Costumes】with low prices? Check out our huge selection on cosplay【costumes】from popular anime, manga and video games and start saving big today!","Looking for the best【Cosplay Costumes】with low prices? Check out our huge selection on cosplay【costumes】from popular anime, manga and video games and start saving big today!"
99Cosplay/性感睡衣/護士制服,sexy-nurse,護士制服,【護士制服】台灣第一專業角色扮演服裝銷售 Cosplay Costume Shop | 99 Cosplay,"Kigurumi, Kigurumi shop, Cosplay Costumes,Cosplay Shop,cosplay store,Cosplay Shops,cosplay stores【護士制服】","Looking for the best【Cosplay Costumes】with low prices? Check out our huge selection on cosplay【costumes】from popular anime, manga and video games and start saving big today!","Looking for the best【Cosplay Costumes】with low prices? Check out our huge selection on cosplay【costumes】from popular anime, manga and video games and start saving big today!"
99Cosplay/小孩連身睡衣,kigurumi-kids,小孩連身睡衣,【小孩連身睡衣】台灣第一專業角色扮演服裝銷售 Cosplay Costume Shop | 99 Cosplay,"Kigurumi, Kigurumi shop, Cosplay Costumes,Cosplay Shop,cosplay store,Cosplay Shops,cosplay stores【小孩連身睡衣】","Looking for the best【Cosplay Costumes】with low prices? Check out our huge selection on cosplay【costumes】from popular anime, manga and video games and start saving big today!","Looking for the best【Cosplay Costumes】with low prices? Check out our huge selection on cosplay【costumes】from popular anime, manga and video games and start saving big today!"
99Cosplay/限時特價,onsale,特價,【特價】台灣第一專業角色扮演服裝銷售 Cosplay Costume Shop | 99 Cosplay,"Kigurumi, Kigurumi shop, Cosplay Costumes,Cosplay Shop,cosplay store,Cosplay Shops,cosplay stores【特價】","Looking for the best【Cosplay Costumes】with low prices? Check out our huge selection on cosplay【costumes】from popular anime, manga and video games and start saving big today!","Looking for the best【Cosplay Costumes】with low prices? Check out our huge selection on cosplay【costumes】from popular anime, manga and video games and start saving big today!"
99Cosplay/性感睡衣/兔女郎 貓女,bunny-cat,兔女郎 貓女,【兔女郎 貓女】台灣第一專業角色扮演服裝銷售 Cosplay Costume Shop | 99 Cosplay,"Kigurumi, Kigurumi shop, Cosplay Costumes,Cosplay Shop,cosplay store,Cosplay Shops,cosplay stores【兔女郎 貓女】","Looking for the best【Cosplay Costumes】with low prices? Check out our huge selection on cosplay【costumes】from popular anime, manga and video games and start saving big today!","Looking for the best【Cosplay Costumes】with low prices? Check out our huge selection on cosplay【costumes】from popular anime, manga and video games and start saving big today!"
99Cosplay/性感睡衣/聖誕節特賣,chrismas,聖誕節特賣,【聖誕節特賣】台灣第一專業角色扮演服裝銷售 Cosplay Costume Shop | 99 Cosplay,"Kigurumi, Kigurumi shop, Cosplay Costumes,Cosplay Shop,cosplay store,Cosplay Shops,cosplay stores【聖誕節特賣】","Looking for the best【Cosplay Costumes】with low prices? Check out our huge selection on cosplay【costumes】from popular anime, manga and video games and start saving big today!","Looking for the best【Cosplay Costumes】with low prices? Check out our huge selection on cosplay【costumes】from popular anime, manga and video games and start saving big today!"
99Cosplay/性感睡衣/其他表演服,other-sexy,其他表演服,【其他表演服】台灣第一專業角色扮演服裝銷售 Cosplay Costume Shop | 99 Cosplay,"Kigurumi, Kigurumi shop, Cosplay Costumes,Cosplay Shop,cosplay store,Cosplay Shops,cosplay stores【其他表演服】","Looking for the best【Cosplay Costumes】with low prices? Check out our huge selection on cosplay【costumes】from popular anime, manga and video games and start saving big today!","Looking for the best【Cosplay Costumes】with low prices? Check out our huge selection on cosplay【costumes】from popular anime, manga and video games and start saving big today!"
99Cosplay/性感睡衣/賽車女郎,racing,賽車女郎,【賽車女郎】台灣第一專業角色扮演服裝銷售 Cosplay Costume Shop | 99 Cosplay,"Kigurumi, Kigurumi shop, Cosplay Costumes,Cosplay Shop,cosplay store,Cosplay Shops,cosplay stores【賽車女郎】","Looking for the best【Cosplay Costumes】with low prices? Check out our huge selection on cosplay【costumes】from popular anime, manga and video games and start saving big today!","Looking for the best【Cosplay Costumes】with low prices? Check out our huge selection on cosplay【costumes】from popular anime, manga and video games and start saving big today!"